{
  "Gauss-Newton": {
    "H0": 70.44767652280206,
    "Omega": 0.7360836634024391,
    "nfev": 4
  },
  "Levenberg-Marquardt": {
    "H0": 70.44825602360089,
    "Omega": 0.7360765952646738,
    "nfev": 4
  }
}